1,-0.036593333,0.217009395,0.079060063,-0.070286758,-0.067515947,0.093600512,-0.061313003,-0.011580393,0.141511649,-0.054723572,0.191225693,-0.079179928,-0.225425318,-0.058184355,-0.003954388,0.108578406,-0.128631264,-0.084576383,-0.155316442,-0.04130799,0.011713043,0.091376647,-0.03793174,0.037793644,-0.135953128,-0.281157076,-0.012678031,-0.056731444,0.042885754,-0.145773202,-0.029180825,0.012534836,-0.151038259,-0.023705624,0.035655461,0.088364743,-0.108098805,-0.039673053,0.160926268,0.046515062,-0.145015568,0.05815709,0.051915433,0.327055484,0.204471886,-0.001672432,-0.026674949,-0.039064847,0.115480095,-0.2296004,0.054512549,0.169951856,0.191764086,0.129461035,0.113842055,-0.190683752,0.05817062,0.144119442,-0.198888138,0.106209978,0.046104681,-0.123936862,0.009982754,-0.000872333,0.205121025,0.092228107,-0.10906136,-0.172548607,0.089592323,-0.099967644,0.032428574,0.174834818,-0.082402766,-0.137431547,-0.203132004,0.033211797,0.393964648,0.124106511,-0.263092458,-0.075492635,-0.066091433,-0.060092252,0.093788683,0.065704405,-0.086709797,-0.107320182,-0.090553544,0.043416049,0.202781618,-0.021074422,-0.043170132,0.183277637,0.061471693,-0.055583209,-0.00068894,-0.06125626,-0.114337474,-0.002007343,-0.069053262,-0.007677943,-0.066055402,-0.178050086,-0.060920265,0.053376779,-0.19126527,0.199794188,0.091240235,-0.02807498,-0.026197582,0.00431174,-0.107006714,0.023972221,0.228120118,-0.329898715,0.220248282,0.137695417,0.068862677,0.115322664,0.037329387,0.082479544,0.020349976,-0.018321201,-0.062174954,-0.077553213,0.001920402,-0.07303118,0.076087907,-0.004222307
3,-0.172928214,0.077859566,0.150538594,-0.011621341,-0.084235504,0.015694246,0.027140617,-0.080305532,0.147196442,-0.12785095,0.254157543,0.008834377,-0.143482238,-0.00052049,-0.033473149,0.124049857,-0.089201733,-0.089757502,-0.064885944,-0.076027021,-0.001422793,-0.005015362,-0.045253679,0.030756596,-0.0902839,-0.368539035,-0.05117251,-0.077194847,0.081460282,-0.041492969,-0.041895971,-0.009185407,-0.162390649,-0.019057944,0.021196894,0.066890657,0.053572603,0.0116552,0.157792136,-0.049631752,-0.154189706,0.028185993,0.078421623,0.267711401,0.075119413,0.064662024,0.066859461,-0.0731958,0.17346099,-0.227700293,0.082759425,0.027349077,0.080387414,0.04506778,0.018045057,-0.159306943,-0.027209178,0.101453342,-0.172051072,0.160229787,0.080955096,-0.056788091,-0.055727117,-0.039220683,0.293056846,0.140920594,-0.154573202,-0.163242489,0.108045563,-0.169290736,0.001237869,-0.020303741,-0.08875528,-0.095032752,-0.284062475,0.121806681,0.460785478,0.117173553,-0.129272044,0.024795167,-0.142118275,-0.015900835,0.034385767,0.103111863,-0.103113875,0.036677897,-0.030927956,0.046775743,0.251584768,0.053407565,0.008245863,0.225270987,-0.021781936,0.069583997,-0.069732949,0.041979551,-0.161994874,-0.02632973,-0.0706781,0.006034084,-0.015395544,-0.037556708,0.09173388,0.132432163,-0.311396122,0.191028401,-0.090375118,0.047438759,0.082980484,0.107631408,-0.072183751,-0.04877536,0.101260491,-0.233633205,0.189120188,0.17127493,0.144266516,0.138133198,0.094406664,-0.007703133,0.092500739,0.06275472,-0.151274472,-0.020611688,0.044770494,-0.148431689,0.040341534,0.066915721
3,-0.148452967,0.139440656,0.091162719,-0.026286766,-0.09309426,0.00970456,-0.09421055,-0.068254367,0.07062757,-0.141164407,0.242552906,-0.070277348,-0.199550718,0.022720464,-0.033168536,0.138135627,-0.068193108,-0.076886654,-0.055746265,-0.110063598,0.012997627,0.036560141,-0.011827163,0.08795777,-0.086891957,-0.37301451,-0.045567203,-0.044333365,0.1078161,-0.097701013,-0.109479815,-0.038779743,-0.156108141,-0.014614921,0.040668383,0.092203043,0.010912701,-0.081708305,0.212047473,-0.035270706,-0.128764346,0.04663261,0.100554802,0.283510745,0.119743511,0.096048459,0.031945009,-0.078579836,0.181213364,-0.246875018,0.10773515,0.071291134,0.100613981,0.0470073,0.002327148,-0.21337311,0.013760552,0.107105412,-0.20502387,0.112173907,0.045175016,-0.064282373,-0.061067387,-0.060703874,0.289658815,0.16089572,-0.15539515,-0.156122774,0.093567356,-0.202969551,0.00791166,0.002331737,-0.082604513,-0.135732636,-0.304868042,0.128242016,0.382695436,0.195398539,-0.164365754,0.052310042,-0.012838006,-0.009356547,0.087119803,0.131779969,-0.129285097,-0.043834101,-0.044879902,0.026498877,0.22445488,0.036183387,-0.051593997,0.211433798,0.008066326,0.105181836,-0.004891165,0.082804263,-0.2058222,-0.068779282,-0.066828333,0.033579335,0.010855511,-0.061283335,0.033383377,0.157404751,-0.282630354,0.184464917,-0.098757386,-0.010642141,0.067460403,0.1010243,-0.092384003,-0.074777424,0.093817696,-0.262681037,0.159928441,0.199929282,0.128093466,0.192315727,0.153511047,0.040006869,0.11811015,0.076352261,-0.169815898,-0.092983425,0.06056533,-0.111448407,0.062971607,0.059658311
3,-0.130383149,0.10796953,0.102763519,-0.005354822,-0.089551285,-0.023235396,-0.070893668,-0.084967628,0.059513099,-0.087083206,0.245297343,-0.031722941,-0.207766354,-0.036915872,-0.017775252,0.119444221,-0.041904576,-0.077850565,-0.053394511,-0.062609918,0.000229597,0.058250003,0.028841436,0.08655557,-0.059363134,-0.392231941,-0.019257676,-0.068965986,0.077857286,-0.056425579,-0.089928061,-0.039445087,-0.15919134,-0.004247814,0.059720732,0.036556952,0.001765504,-0.023360506,0.206504688,-0.035499401,-0.157060534,0.010931402,0.084126271,0.247575879,0.115984723,0.084517144,0.095835209,-0.096877277,0.142803863,-0.222002029,0.127966553,0.090677142,0.093467742,0.017181262,0.007744789,-0.226981342,-0.047721367,0.124868177,-0.206868023,0.127209127,0.023577534,0.017236032,-0.061011989,-0.020093799,0.286537588,0.141152456,-0.161544055,-0.143303096,0.10466224,-0.21476315,0.029628877,0.016464483,-0.094784424,-0.166738793,-0.250176728,0.103757739,0.390900105,0.154574424,-0.165623993,0.048553847,-0.084913254,-0.020441569,0.040821038,0.088602453,-0.121475175,0.016767789,-0.038598601,0.0214951,0.20739159,0.029701844,-0.009511966,0.245183468,0.02220729,0.060064822,0.007721417,0.058209218,-0.16203171,-0.058968782,-0.074013829,-0.012961783,-0.035825074,-0.070486277,0.083075814,0.111215711,-0.298194945,0.190983385,-0.068180896,0.004230931,0.062705025,0.114902429,-0.055264883,-0.112763263,0.082054675,-0.233432338,0.189573586,0.154240146,0.154517293,0.206792578,0.089060351,0.04416427,0.107640773,0.037398234,-0.098440722,-0.053553551,0.045014158,-0.098529369,0.07260666,0.062600829
3,-0.138392374,0.130749583,0.089803249,-0.044537731,-0.079657324,-0.01440239,-0.026689082,-0.054358553,0.124679551,-0.082674541,0.243589073,-0.020469762,-0.231855303,-0.042430773,-0.04169362,0.106683046,-0.087067649,-0.153924718,-0.038025118,-0.077067226,0.038714662,0.015217327,-0.073168024,0.068592511,-0.120150462,-0.296354711,-0.067872338,-0.075637862,0.00994084,-0.101480626,-0.053105608,-0.009138457,-0.143773079,-0.048803356,0.070958808,0.091710113,0.042921901,-0.001036618,0.153214559,-0.047938354,-0.085443147,0.065354362,0.119016796,0.302805126,0.129613057,0.098518901,0.048533246,-0.074215136,0.161500037,-0.245584995,0.137111977,0.09636642,0.184759706,0.080364719,0.046556655,-0.19311972,-0.017395426,0.124941386,-0.195101544,0.165328354,0.110101148,-0.044693146,-0.045127563,-0.061165713,0.279453963,0.084786132,-0.199487448,-0.132816166,0.093846336,-0.184044659,-0.041154932,0.004214585,-0.090022668,-0.135702282,-0.255980968,0.165388644,0.408380032,0.176876172,-0.17926915,0.050589569,-0.097425297,0.014559695,0.003219008,0.015433021,-0.11840003,-0.031651698,-0.08749792,0.014681641,0.251195848,0.052712038,-0.009661481,0.201899201,0.002267621,0.056140304,-0.007525593,0.038743652,-0.119680047,-0.038245298,-0.065687932,0.061450869,-0.075149298,-0.124916352,0.014410727,0.074379936,-0.241780594,0.152303874,-0.062722892,0.014587246,-0.037057243,0.107857361,-0.149750009,-0.039492935,0.117604077,-0.318975329,0.21681127,0.149809062,0.142929822,0.164464295,0.100426465,0.055087835,0.099294662,0.011511236,-0.082501866,-0.11331135,0.065570503,-0.093968108,0.101589851,0.081580386
2,-0.073290169,0.126578376,0.034038369,-0.10959734,-0.137444481,-0.008841574,-0.061179429,-0.118073873,0.130136847,-0.067944765,0.107791461,-0.067969568,-0.252006501,0.070993498,-0.092609853,0.153657839,-0.261491537,-0.201208025,-0.102983192,-0.033330996,0.083975077,0.022850219,0.033561468,0.11172428,-0.131379813,-0.309829533,-0.077013075,-0.08878839,0.060907129,-0.03160964,-0.003297195,0.012366682,-0.164440051,0.010534212,0.086109981,0.13726826,-0.054658361,-0.112891614,0.228034824,0.003182914,-0.205552429,0.022335321,0.057264831,0.285572529,0.236438543,0.029708765,0.02631329,-0.097160034,0.124543034,-0.286462754,-0.011637844,0.1823567,0.030489773,0.093342051,0.032251358,-0.172223404,0.113241777,0.141027018,-0.207216099,-0.064834908,0.063312493,-0.18574819,-0.014421895,-0.055726893,0.22499001,0.047069654,-0.082394361,-0.163554996,0.188546851,-0.188209265,-0.014923844,0.10005004,-0.078693859,-0.072541349,-0.210019618,-0.092248507,0.488567173,0.133353382,-0.1504246,0.075183973,-0.128535077,0.005667437,0.037078258,0.038853154,-0.090338022,0.032779757,-0.201870963,0.030353811,0.196550757,-0.08261317,0.074253775,0.19723998,0.117450066,-0.01730527,0.134985,0.035616979,-0.166979164,-0.050956883,-0.158624783,-0.070120908,-0.051409759,-0.037370794,-0.005899571,0.077025816,-0.209964037,0.166692421,-0.015069738,-0.097376488,-0.069819085,-0.06904985,-0.019217297,-0.07415051,0.181960523,-0.295314342,0.016009983,0.196859628,0.018849548,0.168908715,-0.002415769,0.082477666,-0.117619693,-0.037986293,-0.185122505,-0.062656596,0.032139406,0.011742324,0.028170578,0.008204361
1,0.007255182,0.178192005,0.087258764,-0.115912341,-0.137143672,0.019323796,-0.02460131,-0.017328747,0.149321154,-0.091675222,0.220683917,-0.033954933,-0.218157351,-0.070686407,-0.002827279,0.063450143,-0.128951952,-0.104042277,-0.106835485,-0.063845158,0.053430185,0.114755884,-0.005341627,-0.022380717,-0.118091851,-0.370200187,-0.085025035,-0.025809202,0.050610598,-0.093145832,-0.000201494,0.053363644,-0.12440519,-0.078184023,0.060621969,0.111286573,-0.112292528,-0.022124909,0.14680104,0.06037144,-0.113103926,0.102648854,0.028657556,0.359007001,0.16745919,0.038178161,0.001980066,-0.01678478,0.076846167,-0.238196194,0.066113785,0.170121804,0.156908616,0.139840752,0.128669351,-0.12567082,0.072972193,0.11056757,-0.227311537,0.100126326,0.05307202,-0.151817799,0.00240352,-0.04035759,0.199133769,0.060002089,-0.101192378,-0.155633569,0.104223348,-0.142165884,-0.06268245,0.091697283,-0.083005056,-0.106256187,-0.180371433,0.046851203,0.387296766,0.193111822,-0.271758407,-0.059327967,-0.079266749,-0.040141359,0.072664052,0.017471138,-0.067459658,-0.025211506,-0.154737532,0.03502845,0.181505322,-0.054031074,-0.07114394,0.272887617,0.088461414,0.063985236,0.077764228,-0.033218823,-0.123734087,-0.004971888,-0.137878254,-0.015137866,0.012995377,-0.21858272,-0.073441207,0.063333943,-0.183180064,0.275140315,0.030956261,-0.015976384,-0.054648906,0.00626095,-0.100144714,0.012115844,0.219862819,-0.30642131,0.228503853,0.212747455,0.073667325,0.173677191,0.06128215,0.014768302,-0.002140377,-0.085429601,-0.076339267,-0.143696025,-0.049309582,-0.038532048,0.057877507,0.051027559
2,-0.08696723,0.163603455,0.071564823,-0.124445058,-0.089489929,-0.045683578,-0.098901726,-0.169435561,0.101540044,-0.107605956,0.068832599,-0.110911243,-0.214835316,0.084231004,-0.056928739,0.138653442,-0.216057166,-0.159251481,-0.071888529,-0.036622103,0.11463362,0.108679265,0.019633096,0.081757031,-0.114454195,-0.266666204,-0.133680344,-0.082559176,0.104447186,0.006997034,0.029151626,-0.011021346,-0.196975514,0.01628001,0.09811794,0.15017736,-0.041180387,-0.093056075,0.213691339,-0.019035913,-0.193787515,-0.004187196,0.090506934,0.257015407,0.210265949,0.035494812,-0.003822811,-0.101619072,0.115685605,-0.239535794,0.029497635,0.165944293,0.018840879,0.13760601,0.037904561,-0.225396127,0.124848984,0.148911908,-0.224298179,0.024055503,0.080300756,-0.185773879,0.001892038,0.010612451,0.233184636,0.064360909,-0.094416231,-0.187144101,0.203341559,-0.204865754,0.010126226,0.095936075,-0.102925763,-0.047349975,-0.247826114,-0.108652994,0.441911906,0.116901442,-0.172159761,0.079162292,-0.099451005,0.017892607,0.081770122,0.088230371,-0.051315792,0.014835529,-0.148821309,0.024359951,0.208465159,-0.086807422,0.047628067,0.241095752,0.067366995,0.011236131,0.088756502,0.027823448,-0.177114427,-0.122284077,-0.141633093,-0.086927682,-0.059575692,-0.037929446,-0.025914967,0.183812767,-0.208252683,0.203466415,0.00778399,-0.064019576,-0.078428969,-0.019966532,-0.021448016,-0.085745826,0.194473282,-0.219154894,0.08927995,0.176521078,-0.035126247,0.158681825,0.022003464,0.129910693,-0.068385899,-0.022952586,-0.190814301,-0.064399302,0.010683373,0.013992935,0.018153787,0.031477772
2,-0.085585028,0.133719787,0.062546045,-0.103522986,-0.118405886,0.001701981,-0.072356127,-0.170612901,0.110132843,-0.111374371,0.038012635,-0.046672307,-0.215195119,0.044331245,-0.060313255,0.132294327,-0.271138251,-0.243519872,-0.069064483,-0.026095524,0.047249898,0.036364045,0.046685293,0.111864351,-0.097503804,-0.318086028,-0.101773813,-0.122201174,0.099873163,-0.026553266,-0.003700383,-0.049652252,-0.21716921,0.001147211,0.066269666,0.103215724,-0.047898576,-0.142266423,0.236238837,-0.033469882,-0.234253407,0.009854481,0.102051176,0.264657408,0.270063341,0.009002395,-0.022947025,-0.099385098,0.174254119,-0.2662597,0.053660907,0.134706914,0.061696135,0.122234188,0.030764721,-0.222012207,0.111601189,0.152345747,-0.24456495,0.041121434,0.05596263,-0.208765745,0.028695695,-0.003309056,0.237967834,0.113718435,-0.060721476,-0.228211641,0.21822542,-0.240611225,0.002181571,0.085980669,-0.048171587,-0.062920704,-0.208512157,-0.109113373,0.384116054,0.149378896,-0.183029205,0.056991093,-0.113240637,0.013447966,0.079220377,0.114805624,-0.051929854,-0.003795378,-0.157287717,-0.02419452,0.226950318,-0.041084029,0.026196674,0.240642145,0.064367257,-0.030727811,0.149734467,0.040277347,-0.196977466,-0.034920648,-0.195803612,-0.055438139,-0.095835388,-0.034814015,-0.007997144,0.1190539,-0.189682543,0.168514386,-0.023070516,-0.062207028,-0.064778812,-0.086338758,-0.031933948,-0.073213756,0.180580884,-0.282227755,0.144738212,0.16681096,0.008618359,0.195865706,0.0108146,0.095185891,-0.055224977,-0.06184081,-0.199452892,-0.038254872,0.051709414,-0.025598541,0.03863553,0.04226825
0,-0.152808651,0.129895836,0.030418646,-0.020118952,-0.136809394,-0.054054856,-0.01461814,-0.092600003,0.214913741,-0.022979662,0.182528302,0.065970354,-0.229962781,0.037621625,-0.088819146,0.108036883,-0.171691611,-0.133128792,-0.104210995,-0.101633891,0.089497685,0.052276675,0.040032424,0.146562338,-0.205519855,-0.247419938,-0.028904941,-0.105139539,0.011417933,-0.109910831,0.058404788,0.100302234,-0.203222051,-0.014619049,0.052055456,0.016155757,-0.016671538,-0.034512043,0.252680421,0.010249767,-0.17081964,-0.064150654,0.036958925,0.307146519,0.199927598,0.048605114,0.081513569,-0.105359398,0.134185344,-0.283762157,0.035230163,0.258354962,0.032843843,0.033745639,0.060798697,-0.183223993,0.015182018,0.162293375,-0.139404297,0.119323134,0.078853175,-0.127092689,-0.001623232,-0.072906956,0.257437229,-0.002739593,-0.16100888,-0.043103509,0.184240609,-0.133095205,-0.039332677,0.109750144,-0.111120403,-0.242659181,-0.219837874,-0.002818361,0.493864477,0.165568188,-0.169529468,0.068884872,-0.214812472,-0.033390936,-0.008730646,0.074454695,-0.067510799,-0.07073313,-0.136627048,0.050793834,0.290344894,0.023564853,0.037680626,0.284247339,0.053815085,-0.102811128,-0.022389073,0.056809232,-0.181369647,-0.040579043,-0.046339586,-0.039333314,-0.039064817,-0.067367956,-0.006718695,0.085001789,-0.243861049,0.170887232,-0.01844372,-0.018876918,-0.061933585,-0.036653578,-0.10218595,-0.0441368,0.159912854,-0.260301441,0.207412302,0.127843678,0.04756261,0.20230709,-0.006079614,0.11458876,-0.015616365,-0.054953091,-0.083319038,-0.10228847,0.073228016,-0.082304195,0.07752727,0.011519123
1,-0.06116426,0.241475165,0.077958755,-0.121194348,-0.11212761,0.024935767,-0.09277644,-0.034387119,0.102837451,-0.057261281,0.184235513,-0.053991571,-0.236493081,-0.042678691,-0.017873548,0.092888847,-0.120336026,-0.09697783,-0.142822325,-0.095587596,0.061591983,0.162692875,-0.018883266,0.027887881,-0.145983547,-0.300269067,-0.058028895,-0.05944556,0.046391461,-0.118464679,0.013953581,0.021058237,-0.143306002,-0.057698116,0.093319759,0.105430268,-0.120018959,-0.051391225,0.174160749,0.070359126,-0.114470802,0.016571097,0.124926031,0.316573739,0.169710919,0.041250899,0.037385441,-0.041845627,0.091369145,-0.170575812,0.070595235,0.160837978,0.21258691,0.162587911,0.145648926,-0.224164605,0.069415823,0.138233811,-0.226404101,0.118906334,0.026545612,-0.146371633,-0.042997316,-0.02084329,0.183950141,0.054755673,-0.083962075,-0.185744703,0.147951573,-0.122308299,-0.027934857,0.211959794,-0.082678579,-0.109866127,-0.175384462,-0.005094573,0.366086274,0.145580217,-0.208048165,-0.076234668,-0.02658264,-0.092277452,0.008819327,0.023035251,-0.12654826,-0.047739334,-0.068385646,0.066234335,0.206480339,-0.016032666,-0.052799255,0.209721133,0.072837248,-0.025364712,0.038738474,-0.039391078,-0.138835207,-0.029975999,-0.052009154,-0.05584272,-0.003696442,-0.243579835,-0.062040053,0.04998032,-0.221177205,0.194555253,0.041412052,-0.051302094,-0.097364649,0.011154216,-0.123553015,0.032253951,0.261541814,-0.298680216,0.216154158,0.20157215,0.037354615,0.143344283,0.056210656,0.06108138,0.018203013,-0.084089413,-0.062943041,-0.145122841,0.003138244,-0.064776339,0.094107054,0.011280835
0,-0.074436679,0.099304684,0.112972744,-0.05371521,-0.169508845,0.004907817,-0.011463791,-0.062009573,0.252876461,-0.079866201,0.090937115,0.095884487,-0.296161771,0.13931644,-0.07307934,0.047913499,-0.233897343,-0.159713745,-0.011672501,-0.039665077,0.020009264,0.067229442,0.059555456,0.061357308,-0.091215,-0.372703969,-0.107608423,-0.066354528,0.032787982,-0.061114892,0.097363271,0.101193741,-0.180685848,0.012385491,0.00689806,-0.00930196,-0.032964595,-0.110893995,0.22754243,0.011176683,-0.245632127,-0.010990523,0.019658104,0.282556295,0.158714533,0.06622614,0.022442721,-0.109787457,0.088983186,-0.294239223,0.049879394,0.277791262,-0.014582083,0.017254114,0.04801802,-0.172150016,0.062714309,0.088138767,-0.181689948,0.088440403,0.129247576,-0.128901586,0.073790446,-0.026583683,0.227644548,0.037719123,-0.124765411,-0.081138283,0.146537349,-0.204726592,-0.032034077,0.101772383,-0.096790165,-0.209336147,-0.165248379,0.029642351,0.435717195,0.194338709,-0.081573293,0.065466531,-0.177829951,-0.009809669,0.021067478,0.175328046,-0.113282964,-0.043514967,-0.141391426,0.05072403,0.219976291,0.04658369,-0.007423125,0.325848341,0.062082097,-0.038400128,0.028150767,0.10083887,-0.163831413,-0.033474647,-0.142914161,-0.030351505,0.034651548,-0.017438859,-0.019923832,0.157645181,-0.210421339,0.135602713,-0.072592281,-0.07126493,0.027806923,-0.064144976,-0.036932331,-0.081437632,0.152037174,-0.280653805,0.150021762,0.130951941,0.014935635,0.197062358,0.004028484,0.097292557,-0.037070759,-0.135002553,-0.136601627,-0.077623278,0.059157051,-0.031834453,0.043299809,-0.003025439
3,-0.183369055,0.085157305,0.120139971,-0.028058149,-0.135464728,0.027134866,-0.056918994,-0.072926164,0.094177201,-0.1477734,0.245646581,-0.025181636,-0.203767538,0.034722127,-0.109406717,0.130884856,-0.091440104,-0.120744213,-0.032000173,-0.118124492,0.014762864,0.023909297,-0.031229556,0.046004176,-0.051341459,-0.361019254,-0.056033179,-0.086023152,0.127530754,-0.096091181,-0.017632306,-0.020433601,-0.148729831,0.010844491,0.010187656,0.075287953,0.008240841,-0.069247693,0.233164161,-0.058020189,-0.153112829,-0.00974635,0.092911661,0.288205534,0.03510005,0.08508224,0.043372385,-0.071320921,0.16742909,-0.213071972,0.143156901,0.081472099,0.085635751,0.05901755,0.052061003,-0.211229324,0.022227325,0.149939537,-0.183522448,0.157441646,0.055751074,-0.032127962,-0.025054924,-0.083139956,0.263352692,0.145855486,-0.108409703,-0.166238084,0.138761446,-0.188587978,-0.016936973,0.064159408,-0.088535234,-0.118291467,-0.263718903,0.09444046,0.423566699,0.212170094,-0.088373803,0.012736872,-0.002908085,-0.042204246,0.09146782,0.109353274,-0.150665596,0.02070079,-0.044130847,0.028588528,0.205932274,0.093756706,-0.071712047,0.203812599,-0.004836865,0.058670104,-0.014072925,0.058665141,-0.160063446,-0.05434322,-0.074125051,-0.021131739,0.01639396,-0.053842306,0.044496063,0.131799877,-0.238208562,0.139150098,-0.112070858,0.034570411,0.014325693,0.108670123,-0.082187839,-0.016782746,0.131571636,-0.233738109,0.178172827,0.17010133,0.127709746,0.158463255,0.143294603,0.010408752,0.070329815,-0.025605515,-0.182651535,-0.072496325,0.059460029,-0.116956495,0.095585071,0.071773984
3,-0.122334197,0.114546865,0.067029379,-0.04226926,-0.120023914,0.016646281,-0.04916073,-0.064001761,0.020844325,-0.040100753,0.22223942,-0.016014598,-0.282235503,-0.0206898,-0.001268901,0.146060079,-0.049999595,-0.106657878,-0.108303368,-0.099620059,0.023732811,0.021419697,0.036773473,0.083706945,-0.063369125,-0.410299867,-0.011473618,-0.068549909,0.104401231,-0.057354547,-0.053040646,-0.041326806,-0.187775403,-0.017802913,0.057601415,0.070006475,-0.026386842,-0.082783632,0.197612077,-0.028353166,-0.155334041,-0.004024386,0.092964388,0.25154382,0.079972595,0.064231589,0.14452067,-0.075017393,0.142682672,-0.21650289,0.161831528,0.076108634,0.130261511,0.05836026,0.011154048,-0.212444663,0.01803527,0.152209178,-0.208622575,0.15031825,0.051585764,-0.019500371,-0.086040571,-0.084741682,0.25559631,0.115201026,-0.145540744,-0.16521886,0.124983497,-0.172400922,-0.003315005,0.017978135,-0.113808885,-0.130897224,-0.287854314,0.097559504,0.411543667,0.170449033,-0.179084212,0.004837476,-0.076453909,-0.003904525,0.041393183,0.088924944,-0.1121713,0.007212808,-0.07349471,0.039203875,0.217339635,0.003389701,-0.037704293,0.244097918,0.053223122,0.071337439,0.010484032,0.098685853,-0.172236308,-0.054422811,-0.05853134,-0.010462679,-0.015702203,-0.111749545,0.055129837,0.089754149,-0.25649175,0.18578586,-0.053527754,0.050473094,0.069825917,0.124139339,-0.095144652,-0.145074815,0.094935626,-0.231019408,0.173339516,0.232494697,0.141487598,0.147536948,0.107140854,0.064658105,0.100898534,0.012973897,-0.159702957,-0.070393562,0.057755053,-0.073540151,0.011359431,0.091162398
2,-0.047699466,0.152378052,0.054205589,-0.127709776,-0.143087476,-0.004440099,-0.039859939,-0.142538682,0.13862054,-0.121808261,0.077129208,-0.047317617,-0.243816376,0.070234463,-0.032841206,0.170836568,-0.228181481,-0.208985358,-0.177500367,-0.067573868,-0.011406407,-0.003462091,0.057325955,0.104142651,-0.097238943,-0.305056214,-0.091817349,-0.133446574,0.062174257,-0.01914794,0.000881508,-0.01187215,-0.154890552,-0.035138577,0.042280532,0.122000135,-0.077793509,-0.156162247,0.188666448,-0.056960218,-0.242511839,0.00689844,0.084347263,0.227601498,0.292239159,0.027882524,0.077691928,-0.078666925,0.140256271,-0.300849557,-0.01021377,0.106042191,0.019377455,0.108341523,0.05354242,-0.194846258,0.114947096,0.139133304,-0.212195098,-0.020351361,0.079259917,-0.136389241,-0.003923543,0.008855425,0.272307396,0.086746827,-0.124779366,-0.170516789,0.231919527,-0.247291192,-0.011501666,0.092693821,-0.076757006,-0.10147132,-0.220702767,-0.057042874,0.486379743,0.147657663,-0.110415176,0.04911501,-0.143158197,0.000959102,0.010503922,0.089588255,-0.07108169,-0.007306453,-0.168751836,-0.007105114,0.257970512,-0.081620149,0.04084225,0.239125326,0.083330758,-0.046996132,0.090204395,0.107884407,-0.171910509,-0.019456089,-0.170178577,-0.017859869,-0.013257921,-0.06416484,-0.042143364,0.073877029,-0.188928545,0.179597706,-0.061019376,-0.047270745,-0.074848339,-0.070853114,-0.062244531,-0.067725517,0.235940352,-0.264730036,0.053364974,0.24741362,0.010621112,0.144294202,0.060936637,0.077099457,-0.008615449,-0.05546011,-0.217003435,-0.095876426,0.038006723,-0.030610882,-0.001863308,0.06383656
0,-0.094293594,0.12250001,0.036601409,-0.06579268,-0.189613834,-0.048664197,-0.031928457,-0.149360046,0.200363487,-0.110684738,0.090556055,-0.008594893,-0.31486994,0.096242882,-0.100107864,0.126476258,-0.262583077,-0.18411243,-0.039923709,-0.082297519,0.0547463,0.042725213,0.103605606,0.116206102,-0.086502455,-0.367720306,-0.058701325,-0.066290922,0.032919161,-0.023394354,0.102143131,0.10803774,-0.239524454,0.033270311,0.017266043,-0.003587473,-0.04686825,-0.075534038,0.267649472,0.012212221,-0.204638958,-0.026264533,-0.00762675,0.301881254,0.175634533,0.024565682,0.048539814,-0.079410031,0.107763223,-0.339645267,0.033880353,0.2330181,-0.026125722,-0.008499425,0.040169947,-0.208233342,0.049706541,0.134094626,-0.151400864,0.145987898,0.106428087,-0.179153085,0.039883986,-0.036525942,0.309419096,0.011736035,-0.133133933,-0.068616293,0.193164974,-0.1686178,0.00868107,0.088973597,-0.100152314,-0.19077903,-0.21402058,-0.012733974,0.483116359,0.153762206,-0.119971544,0.055624366,-0.148407772,0.01229585,0.024198487,0.165098786,-0.099614017,-0.031678505,-0.176092014,0.068054661,0.236200124,-0.003871843,-0.049415763,0.401443422,0.05132743,-0.013098516,0.038277857,0.035544004,-0.153581813,-0.095218003,-0.127854958,-0.032875985,-0.003001228,-0.075192057,-0.047047816,0.132993579,-0.182923943,0.129339233,-0.098915502,-0.019714914,-0.06046465,-0.046333171,-0.070332237,-0.072274148,0.149242938,-0.259739339,0.165702954,0.163345903,0.079349928,0.204935148,-0.018357988,0.04405693,-0.005825169,-0.081955805,-0.125295967,-0.069839597,0.073241591,-0.042803019,0.044806287,0.045052946
3,-0.148678496,0.097745463,0.102349341,0.001194827,-0.187495828,0.003306121,-0.059030995,-0.080805734,0.097053811,-0.063447177,0.216289967,0.026673779,-0.221516728,-0.028333895,0.034813441,0.151058018,-0.043270908,-0.172131956,-0.067345805,-0.088487491,0.024344504,0.054388095,0.021836378,0.090217292,-0.124217138,-0.42246142,-0.045432746,-0.077775493,0.082728267,-0.053739697,-0.080890909,-0.039825097,-0.169119596,-0.027225688,0.063982844,0.087847851,-0.068530247,-0.089235723,0.178710833,-0.027934022,-0.227013186,0.014043465,0.100233562,0.236481652,0.108836249,0.09220966,0.123308785,-0.057204384,0.115868777,-0.216818228,0.117619261,0.092815965,0.127770782,0.046480134,0.032844968,-0.185543001,0.019868813,0.144509345,-0.237886369,0.094325997,0.056719422,-0.092128962,-0.036820397,-0.059609622,0.293047398,0.121018738,-0.101577193,-0.135662958,0.12707226,-0.200083613,-0.077080257,0.023842946,-0.087798357,-0.153122455,-0.30900979,0.071432605,0.439750403,0.16968888,-0.139887959,0.061679676,-0.042829089,0.004145484,-0.010243934,0.074791715,-0.14320977,0.016890552,-0.109840915,0.021388263,0.2580235,0.025103971,0.031764138,0.240199104,0.071989357,0.071963474,0.034431018,0.076969564,-0.14381814,-0.050658386,-0.04319308,-0.025156364,-0.015088141,-0.076567762,0.085591637,0.078232594,-0.309660196,0.201080605,-0.061849251,0.001023069,0.017873511,0.087701209,-0.071161784,-0.083603874,0.088593237,-0.26823312,0.176825583,0.213643819,0.148434341,0.199643418,0.085088193,0.012730882,0.029367633,-0.029971048,-0.167458564,-0.075859725,0.081646115,-0.128824413,0.077795371,0.140785813
1,-0.089809582,0.154796511,0.023325879,-0.034901246,-0.084232531,0.097133681,-0.042478487,-0.066060163,0.139508337,-0.079384685,0.208603248,0.0382296,-0.230715111,-0.078547843,0.014141455,0.075446323,-0.129057378,-0.110926814,-0.156211406,-0.101582468,0.062267557,0.150590912,0.018915072,0.019991729,-0.134784102,-0.350873172,-0.053713717,-0.098212078,0.058957614,-0.134767264,0.112259902,-0.063574538,-0.150794506,0.03822026,0.052090988,0.099772766,-0.05957615,-0.068499371,0.222546533,0.016859613,-0.140907288,-0.021362275,0.075514004,0.255937397,0.096821174,0.0548985,0.0437475,-0.065390512,0.162177637,-0.157292247,0.091766022,0.13738957,0.131438106,0.152856678,0.131367192,-0.238661125,-0.001028616,0.150479108,-0.199482635,0.09491054,-0.05095863,-0.058536403,-0.008859638,-0.071872942,0.186948299,0.036616944,-0.135079369,-0.195144206,0.109471239,-0.203095928,-0.058154132,0.169765443,-0.06895002,-0.173021108,-0.254672945,0.03509625,0.413933039,0.14718166,-0.199649379,-0.066611283,-0.028322894,-0.101523161,0.00869666,0.098419778,-0.070495784,0.02050934,-0.05197233,-0.003917594,0.23999694,0.022362575,-0.070346497,0.254865825,0.027856819,0.025673002,0.009783521,0.003642261,-0.105654478,-0.010021478,-0.013122588,0.001529329,-0.059900224,-0.179481864,-0.015153863,-0.003070511,-0.209832355,0.236082166,0.030522905,-0.015502229,-0.066759363,0.072691284,-0.178200066,0.003224827,0.250917137,-0.381654084,0.258417428,0.2122311,0.061037242,0.235149369,0.059464134,0.140720561,-0.000186503,-0.022986054,-0.105952069,-0.139076382,-0.024165183,-0.049513854,0.045727931,0.039195508
1,-0.064767778,0.145224541,0.090255752,-0.045036949,-0.08352869,0.048325107,-0.066236928,-0.022437282,0.094021618,-0.034355909,0.197872013,0.020506576,-0.207544506,0.025524803,-0.010299429,0.07761392,-0.110258728,-0.068954468,-0.16485998,-0.098959163,0.025631309,0.072879337,0.021039415,0.006039333,-0.089310333,-0.278187782,-0.036863856,-0.095315054,0.099441454,-0.147520825,0.039842866,-0.038405675,-0.07815399,0.020112857,0.01035776,0.072669059,-0.052763764,-0.097351328,0.217406631,-0.061823912,-0.165701196,-0.004145712,0.067857534,0.253981382,0.156530306,0.008340672,0.05088925,-0.032736011,0.098371282,-0.245839819,0.06677711,0.144414455,0.057345942,0.116233952,0.108005323,-0.182473004,0.023444049,0.150407165,-0.094227985,0.08254315,0.075100236,-0.095967293,-0.036923371,-0.096632026,0.15863654,0.08966098,-0.114164516,-0.152529746,0.052528702,-0.16873017,-0.043135528,0.09158776,-0.09372367,-0.115332894,-0.20502305,0.048622288,0.352081567,0.16297099,-0.178994715,-0.018766411,-0.034468874,-0.007855058,0.059257925,0.059980299,-0.102460057,-0.024387825,-0.099173859,0.020711659,0.178153604,-0.024162516,0.035231762,0.168097362,0.022953369,-0.003470376,0.006721944,0.058049515,-0.134300366,-0.005873524,-0.051764693,0.042781271,0.041854888,-0.145611241,0.017319132,0.064669788,-0.17891115,0.173501313,-0.030203547,0.010554411,0.053655803,0.048867196,-0.051853292,-0.04166925,0.237665877,-0.20380649,0.154364288,0.212395102,0.005727852,0.131290704,0.092137307,0.174429476,-0.031788498,0.040418185,-0.151154727,-0.065421194,-0.045096427,-0.033318341,-0.035157591,0.023723111
3,-0.231902421,0.162571594,0.123385698,0.017010003,-0.125510797,-0.052039087,-0.044235088,-0.127831653,0.116521493,-0.153384417,0.191980153,-0.026629701,-0.238548115,-0.013683911,-0.003316551,0.167284131,-0.07806287,-0.137772918,-0.095705524,-0.101878785,0.036977053,0.066048481,-0.002408281,0.057142958,-0.025981046,-0.399611831,-0.090932846,-0.046760757,0.078332752,-0.048864633,0.026812568,-0.071790434,-0.110084586,-0.012099676,0.02547029,0.043371037,-0.038933404,-0.05519782,0.239486381,-0.047660526,-0.194162831,-0.032888666,0.042869251,0.301509559,0.091850609,0.054205418,0.059002224,-0.085207373,0.151811928,-0.211862236,0.086189359,0.115999743,0.096423723,0.066205159,0.076077715,-0.146444231,-0.00834569,0.208399951,-0.233291656,0.153372452,0.054886825,-0.143714443,-0.035988651,-0.059195437,0.297059774,0.163250357,-0.165365398,-0.14946571,0.1479256,-0.192428261,-0.058137812,0.020351067,-0.097982801,-0.137394279,-0.341364205,0.050083049,0.432128489,0.144185603,-0.168498278,-0.042501792,-0.039981328,-0.008429132,0.065923333,0.171883315,-0.126251042,-0.062781565,-0.059344385,-0.005208321,0.20964995,0.047777265,-0.090990379,0.24202852,0.027366996,0.058688134,-0.030534729,0.063620202,-0.149531797,-0.122965984,-0.053228781,-0.04245244,-0.005659565,-0.061767332,0.039306208,0.124023572,-0.201550081,0.208328113,-0.044526812,0.059666589,-0.009821534,0.089443848,-0.087235391,-0.036800817,0.121430837,-0.19963792,0.237834781,0.186278462,0.072281867,0.175867021,0.071719512,0.028772824,0.030829277,-0.007669792,-0.119885549,-0.083261773,0.05744794,-0.060254455,0.105446622,0.07696116
0,-0.120085061,0.141899854,0.030876232,-0.044462055,-0.196262375,0.014016762,0.002108842,-0.057394188,0.178431481,-0.071625844,0.147017896,0.009293579,-0.275883585,0.112696759,-0.058135316,0.140362024,-0.275787324,-0.195105761,-0.081103511,-0.05423294,0.042986244,0.067380145,0.06015702,0.137773618,-0.097870424,-0.370354295,-0.008450247,-0.077144921,0.015966844,-0.068915471,0.077553302,0.064959563,-0.259896636,0.036190752,0.044429965,0.05019439,-0.028207704,-0.09203092,0.259903997,-0.005171824,-0.211921632,-0.0025215,0.058784716,0.317740142,0.221418664,0.011165589,0.018664561,-0.092018351,0.103569657,-0.356098682,0.04209454,0.241161704,-0.010790087,0.021230251,0.019502223,-0.197348148,0.070943169,0.1111871,-0.165606171,0.054782473,0.108800054,-0.117487594,0.051267941,-0.032369059,0.293878019,0.005732931,-0.128241688,-0.095267043,0.112976715,-0.184209868,-0.015814777,0.095255926,-0.102215864,-0.215605468,-0.246576533,0.018681884,0.490730345,0.158840895,-0.161242485,0.085807383,-0.140950397,0.004356537,0.054821722,0.127642274,-0.094248541,-0.042910066,-0.224767745,0.101558998,0.264897317,0.012422606,-0.021507844,0.311070681,0.067899808,-0.102382354,0.089069799,0.103661403,-0.140050679,-0.085387163,-0.176282123,-0.035929814,-0.034891173,-0.055325039,-0.083096653,0.116350889,-0.240144461,0.122241676,-0.08813557,-0.088641509,-0.081592798,-0.089318633,-0.084309995,-0.041996151,0.147891819,-0.274048269,0.148219422,0.139557838,0.026236761,0.237110391,0.004675068,0.08228372,-0.057360157,-0.068811797,-0.124754861,-0.086776078,0.066455677,0.002365574,0.098976135,0.019435842
0,-0.079191819,0.153556913,0.039620712,-0.031658188,-0.231988192,-0.06165076,-0.038664944,-0.111092731,0.202873558,-0.077029318,0.08842022,0.039447561,-0.226737022,0.112067312,-0.080402479,0.109777689,-0.236240834,-0.165581554,-0.068354428,-0.05441615,0.10329181,0.093364887,0.077788003,0.12801744,-0.132691294,-0.296667576,0.009960651,-0.063503593,0.025383327,-0.071767777,0.038392439,0.095450342,-0.238129944,0.019836195,0.03165143,0.060619827,-0.019931208,-0.099319816,0.257078499,0.020350542,-0.221512884,-0.008817643,-0.016414225,0.267657429,0.230949968,0.014058307,0.061723538,-0.130514205,0.155704468,-0.321516156,0.031323839,0.239207208,-0.052860469,0.025633723,0.00942976,-0.237126023,0.053367607,0.095103025,-0.167073861,0.073797926,0.104245305,-0.149726987,0.048219338,-0.048107997,0.318083525,-0.002819292,-0.111420467,-0.090590537,0.166546553,-0.179353163,-0.067686453,0.086812675,-0.104062952,-0.190024599,-0.23859629,-0.006437749,0.47478357,0.159337312,-0.165840805,0.096482046,-0.183343828,0.002900656,0.032445956,0.149951503,-0.039300941,-0.010100737,-0.188081473,0.074458517,0.294978738,-0.024108946,-0.036042914,0.360717088,0.091015652,-0.039327487,0.04675141,0.053779773,-0.149599552,-0.040906716,-0.119384766,-0.02710788,0.015222654,-0.054996766,-0.043242339,0.144876584,-0.226192564,0.145469561,-0.093821123,-0.035231646,-0.070970997,-0.103049666,-0.107065007,-0.057779402,0.157727912,-0.268129915,0.218216106,0.133795559,0.077770449,0.236897096,-0.005745318,0.085773677,0.004593782,-0.05946137,-0.115998484,-0.075888708,0.085024238,-0.01637131,0.070227705,0.077401765
3,-0.20651117,0.098228134,0.040565684,-0.056809291,-0.115740895,-0.003975704,-0.022348974,-0.085577063,0.148739278,-0.094441995,0.264643371,0.062338352,-0.278148323,-0.067231476,-0.035563774,0.120227024,-0.071469359,-0.115686461,-0.069648266,-0.041235071,0.011703461,0.056766432,-0.01437863,0.087879971,-0.086942941,-0.39742437,-0.024638139,-0.038439482,0.056632936,-0.046064153,-0.007046908,0.062130503,-0.17169489,-0.037758429,0.033017479,0.100641444,-0.025790151,-0.021416262,0.207504943,0.009121288,-0.163423628,-0.001701757,0.080695353,0.309461534,0.120797828,0.032969169,0.096355006,-0.075478472,0.153899401,-0.31910038,0.11603868,0.088126801,0.1135839,0.04223787,0.072704621,-0.237636685,0.004202578,0.181034148,-0.238586277,0.126228586,0.020645011,-0.046280243,-0.041244641,-0.038138852,0.269493997,0.13702172,-0.15679583,-0.117052011,0.158240885,-0.187012732,-0.017580949,0.060624834,-0.082111642,-0.167583704,-0.323188215,0.119688734,0.404257655,0.217899024,-0.124113888,0.02976831,-0.084315091,-0.035146266,0.014034998,0.051224511,-0.130111724,-0.058599636,-0.089951925,0.016455244,0.222887039,0.131856173,-0.020750128,0.295067668,0.07925503,0.044092186,0.004542284,0.081174709,-0.156738251,-0.093525335,-0.091878287,-0.014785744,-0.041551262,-0.091417611,0.070082679,0.143965885,-0.276495457,0.207047909,-0.065283403,0.034956969,0.041488357,0.062806122,-0.046447374,-0.036100999,0.065598167,-0.260145158,0.200177103,0.14250508,0.163384035,0.194107771,0.086711138,-0.019707769,0.048691921,-0.031796768,-0.136471897,-0.081112906,0.047504783,-0.130027294,0.069477782,0.089729875
1,-0.084098324,0.088159919,0.032848239,0.004209965,-0.090400234,-0.070041031,-0.032883555,-0.082939461,0.051208749,-0.031029351,0.180363461,-0.037494965,-0.271457255,-0.013933651,-0.004142269,0.077343427,-0.061038055,-0.122136071,-0.225163549,-0.153565437,0.047111869,0.019725736,-0.027296856,-0.026339695,-0.145840645,-0.2600784,-0.078429274,-0.068077877,0.064756364,-0.128414065,0.064510152,0.026641686,-0.086045697,-0.032207847,0.033264671,0.010598544,-0.018305421,-0.108260356,0.199341506,-0.038506579,-0.12034601,0.007979698,0.062192693,0.253413498,0.180429831,0.069855601,0.074260354,-0.077284701,0.101123206,-0.284903616,0.034590818,0.150897175,0.046943787,0.111096762,0.15181151,-0.19691357,0.052386206,0.13858442,-0.146285653,0.083944976,0.041828331,-0.088717163,-0.073777214,-0.132312387,0.15003404,0.073370263,-0.076505527,-0.110754021,0.126526043,-0.193522125,-0.054380808,0.047507718,-0.091470972,-0.164229721,-0.232157663,0.070277885,0.347067147,0.202983558,-0.201249123,0.024090268,0.009255141,0.01152771,0.098365411,-0.026917256,-0.108861193,-0.103073925,-0.111623377,-0.01083436,0.228768855,-0.042266935,0.025027957,0.180485278,0.01640521,-0.040314242,0.035747096,0.017159544,-0.14781633,-0.003555365,-0.016425885,0.030470021,0.1303249,-0.156514287,0.032079577,0.052823678,-0.126490995,0.14791666,-0.070546061,0.005325973,-0.013746947,-0.015149407,-0.065312162,-0.003343388,0.201861098,-0.202150881,0.201333091,0.23093155,-0.029478569,0.125914097,0.057778791,0.140199155,-0.029407695,0.076268114,-0.138573378,-0.114267573,0.002215743,-0.0233666,-0.053099588,0.023254797
3,-0.201606959,0.083749563,0.103423998,0.006927267,-0.045852847,-0.066587478,-0.060468353,-0.092639439,0.0784318,-0.078432359,0.233761966,0.00787469,-0.204621032,-0.010074899,-0.040724702,0.139471278,-0.105688348,-0.078542531,-0.086210012,-0.080915704,0.028163165,0.014558576,0.040151305,0.071941316,-0.063575275,-0.402229428,-0.083647534,-0.064128257,0.155369192,-0.011004947,-0.063062236,-0.079787172,-0.131816611,-0.001375169,0.056100525,0.055100907,-0.07965754,-0.050013307,0.23528637,-0.044635519,-0.188380927,0.00738205,0.093090735,0.265454412,0.130791605,0.092656538,0.098135792,-0.058481827,0.094616465,-0.183347389,0.095724359,0.121343896,0.081130236,0.08486893,0.078224719,-0.214914843,-0.031650711,0.170929164,-0.183680281,0.131335676,-0.003152277,-0.038283467,-0.003872994,-0.035999596,0.229042798,0.154599637,-0.159706652,-0.167757139,0.160128087,-0.217740014,0.031026438,0.043299746,-0.107954897,-0.159925342,-0.264207989,0.050818175,0.391937733,0.148234203,-0.075640127,0.00272581,-0.01479974,-0.087949961,0.024497837,0.115206525,-0.15575397,0.004902868,-0.043382801,0.022918355,0.187153339,0.065678805,-0.014630519,0.1852009,-0.003395647,0.042325407,-0.020146206,0.083491325,-0.206670433,-0.049875636,-0.075973228,-0.034846157,-0.030040748,-0.080964774,0.088625669,0.114710659,-0.201968491,0.176311046,-0.050154313,0.02600009,-0.007941112,0.139730245,-0.075166076,-0.050204761,0.086929411,-0.182998687,0.252143532,0.226323843,0.14929536,0.130263641,0.090129763,-0.013329104,0.057492606,0.041879833,-0.139317229,-0.045291945,-0.018129483,-0.117804796,0.089952096,0.057853077
0,-0.103853121,0.089017414,0.055346716,-0.105886474,-0.145267516,-0.00630638,-0.034618866,-0.080788329,0.19694218,-0.084995881,0.13160488,0.05309841,-0.311764985,0.092169866,-0.055107161,0.106466711,-0.244119629,-0.219154298,-0.003633279,-0.030858681,0.056428671,-0.022925548,0.004925691,0.092577316,-0.074566551,-0.337178499,-0.07128533,-0.044947192,0.015719615,-0.030893803,0.128497243,0.088867016,-0.241760418,0.032624789,0.005442977,0.01216897,-0.025445018,-0.135626316,0.261257589,0.049099546,-0.174285755,-0.016559817,0.007380821,0.284433931,0.131441414,0.004813537,0.07661505,-0.09205848,0.15632692,-0.344153047,0.02660016,0.259910583,-0.007422335,0.047095474,0.029357448,-0.267822713,0.108156078,0.098474652,-0.141241327,0.130687937,0.052872606,-0.124824494,0.05894604,-0.044319138,0.284270644,0.006059825,-0.139749601,-0.083378218,0.172082096,-0.063790247,-0.009128317,0.069921009,-0.161783382,-0.188064814,-0.220597491,0.052464053,0.442998528,0.120746039,-0.163501501,0.085758932,-0.186938837,0.000894403,0.005984195,0.166199654,-0.052822173,-0.058318507,-0.200327039,0.023214914,0.250066638,0.009218447,-0.020499252,0.31272918,0.060473662,-0.006698228,0.03945867,0.105387561,-0.178012848,-0.085414186,-0.155727148,-0.056460336,-0.027222104,-0.043712787,-0.081761837,0.147471189,-0.195184261,0.118615344,-0.035481256,-0.042589739,-0.089037672,-0.048434868,-0.056241274,-0.067739546,0.087944709,-0.247957945,0.179094017,0.157032058,0.077240646,0.201652303,0.030131955,0.064358383,-0.037564307,-0.075281739,-0.102103584,-0.082119077,0.018776223,0.058700182,-0.019892357,0.034565952
0,-0.129848823,0.066563427,0.023074135,-0.087060183,-0.134242952,-0.025200725,-0.013151292,-0.090571754,0.222482145,-0.075651795,0.142181367,0.011314437,-0.274942994,0.083120242,-0.056253403,0.091832332,-0.27505967,-0.140337139,-0.065432653,-0.038980611,0.076370716,0.044502717,0.027756736,0.111758582,-0.110689059,-0.391748607,-0.131721258,-0.086918578,0.061217528,-0.049700767,0.064946912,0.026251601,-0.19396773,0.023514599,0.049585007,0.038301945,0.032821599,-0.110470593,0.231576741,-0.020432364,-0.194043413,-0.014758967,0.031587426,0.249562413,0.16193448,0.047518894,0.073223069,-0.092498064,0.096270382,-0.303183794,0.046743654,0.238510638,-0.00244306,0.038385864,0.050851226,-0.217297241,-0.000107121,0.148306698,-0.171401471,0.147355556,0.067447886,-0.14596653,0.051562399,-0.027737908,0.26696229,0.043092132,-0.194281012,-0.124413349,0.17428124,-0.186720073,-0.005661722,0.045004636,-0.135991424,-0.234870762,-0.276144743,0.04237137,0.523180366,0.199126869,-0.168537825,0.089713804,-0.23057574,0.010840364,0.033573873,0.15560618,-0.041955918,-0.019109912,-0.189106256,0.069778837,0.246927857,0.001513585,-0.03063795,0.308022797,0.013971459,0.013198212,0.00472153,0.112895042,-0.164704531,-0.105860576,-0.085328721,-0.013175316,0.008048452,-0.024451211,-0.012210276,0.153948337,-0.172817647,0.133412838,-0.052413337,-0.075869977,-0.06690596,0.001224425,-0.069790967,-0.07151518,0.149864227,-0.318108618,0.204123244,0.185986683,0.036760215,0.255454898,-0.007429786,0.102469034,-0.004185855,-0.068806216,-0.096085057,-0.093309119,-0.00688,0.042613178,0.066385731,0.034538534
2,-0.081721753,0.08197102,0.013993129,-0.067982063,-0.192381054,-0.024231181,-0.016036164,-0.13854818,0.111249082,-0.150628939,0.09918642,-0.089022174,-0.251685321,0.060844164,-0.046000168,0.14413844,-0.245835587,-0.225444213,-0.139259249,-0.065334931,0.080942571,0.083059236,0.089154243,0.118863106,-0.114137575,-0.298045039,-0.077507019,-0.077210382,0.093596891,-0.04224655,-0.023764767,-0.00029408,-0.174161375,0.00101798,0.069595478,0.137731969,-0.060756806,-0.0926871,0.215955704,0.024318924,-0.262585163,-0.03682851,0.063454464,0.273939729,0.236272871,0.048329823,-0.043098062,-0.133198947,0.097024925,-0.306128681,0.08015357,0.191794723,0.055058971,0.090148345,0.039675064,-0.202751249,0.091609851,0.123567954,-0.183657199,-0.018714979,0.103203356,-0.103712857,0.04220828,-0.041862249,0.213343769,0.053023912,-0.063386068,-0.164416879,0.178184658,-0.238611087,-0.03762966,0.146497518,-0.086900964,-0.127086058,-0.212852359,-0.126780927,0.465285629,0.135639578,-0.109247014,0.005305804,-0.12608102,0.007976983,0.093053907,0.046094596,-0.080429435,0.007170629,-0.191385522,0.060672171,0.189098835,-0.11413461,0.012600716,0.269838095,0.110062659,-0.015095711,0.147484735,0.064297542,-0.116406552,-0.000617161,-0.169543877,-0.040390313,-0.033940941,-0.078414798,-0.005451161,0.059514757,-0.184061199,0.14243561,-0.009945575,-0.061689943,-0.049234092,-0.081071205,-0.114347771,-0.095108032,0.202814817,-0.283995748,0.068765417,0.224133164,0.011591014,0.175688669,0.019366004,0.107744336,-0.06969025,-0.096214809,-0.187021196,-0.007950783,0.050270751,-0.014036238,-0.001722775,0.051749639
2,-0.036459506,0.128834546,0.052124776,-0.114686996,-0.134922177,-0.043769091,-0.055065587,-0.120227382,0.147309929,-0.080934614,0.125650093,-0.065886356,-0.240997821,0.08715196,-0.089531854,0.140431225,-0.264333427,-0.219915599,-0.099184066,-0.073934935,0.084090754,0.046599768,0.048260137,0.119353995,-0.131541356,-0.279904991,-0.069266066,-0.09513095,0.05429535,-0.003712714,0.005806133,0.022937566,-0.177415624,-0.031548992,0.043120816,0.159045011,-0.071592122,-0.139668226,0.212724939,0.022757299,-0.239839166,0.044615373,0.088896044,0.299070954,0.234877795,0.03501986,0.017922129,-0.041130342,0.074748635,-0.341925293,0.037522212,0.167477623,0.085647143,0.068942264,0.040737301,-0.216602936,0.101547554,0.097941868,-0.22891961,-0.01596551,0.098893546,-0.14336735,0.001213335,-0.052291594,0.250252962,0.100178592,-0.090638161,-0.161972255,0.189662933,-0.217999458,-0.060566835,0.153064877,-0.064184397,-0.092968404,-0.192924231,-0.071312383,0.495217711,0.115783356,-0.120481849,0.083420292,-0.11460498,-0.013234701,0.001681283,0.058439288,-0.061368193,0.068747744,-0.225398958,0.016048394,0.199138209,-0.074227333,0.011844605,0.263898551,0.10569635,-0.026009485,0.139345273,0.067836002,-0.145711437,-0.008194279,-0.174149871,-0.053569816,-0.002690747,-0.063436843,-0.060051981,0.043864381,-0.201102436,0.171285883,-0.044335708,-0.077393234,-0.063875437,-0.074802883,-0.051699933,-0.055951431,0.233052939,-0.304458767,0.019487113,0.199380577,0.032074124,0.163174793,0.036404084,0.0600826,-0.046307869,-0.070653096,-0.237763286,-0.083922908,0.0011134,-0.057906508,0.029418468,0.087763041
2,-0.042532101,0.160063535,0.11354164,-0.127143413,-0.126465753,0.002565891,-0.052589223,-0.096147984,0.192382455,-0.124504432,0.13219136,-0.007942468,-0.284119755,0.076937959,-0.083537698,0.177240819,-0.176281273,-0.220696747,-0.106189691,-5.46E-05,0.041380361,0.05028709,-0.002263404,0.087417893,-0.116258092,-0.305656672,-0.102583453,-0.053196862,0.030007761,-0.055211328,-0.031773448,-0.026259324,-0.210608929,0.016660329,0.033742726,0.117656454,-0.05416657,-0.107434623,0.208274633,0.055503376,-0.279066175,0.022444598,0.064861119,0.260064811,0.231219381,0.061393924,0.051803339,-0.078059986,0.12822172,-0.325679719,0.036163792,0.170662358,0.08157295,0.079090133,0.037341565,-0.187171221,0.100121439,0.084383711,-0.227756947,0.02664838,0.128663465,-0.189961389,-0.049452227,0.022421438,0.259869993,0.048500337,-0.120992176,-0.160964653,0.210601628,-0.236789018,-0.015308063,0.121115655,-0.058500133,-0.119154811,-0.243371904,-0.017636299,0.469933152,0.171946332,-0.131585538,0.144383162,-0.134789973,0.052782465,0.027257305,0.083194777,-0.066728555,0.090564415,-0.199149236,0.039986104,0.253753334,-0.079111971,0.067755759,0.288226366,0.078914464,0.008462697,0.074231468,0.075194567,-0.10855601,-0.076245926,-0.120465398,-0.026859604,0.041584089,-0.022384319,-0.013103444,0.047710724,-0.231928706,0.159992367,-0.05022433,-0.055715241,-0.033994004,-0.047543585,-0.076748326,-0.087053865,0.182838365,-0.317137241,0.097784996,0.173920423,-0.037078954,0.118226022,0.08401987,0.087094992,-0.019321881,-0.109173626,-0.15373382,-0.130447775,0.049837321,-0.036351874,0.093180403,0.048884131
1,-0.012213245,0.214787275,0.09698718,-0.082082585,-0.084118888,0.081967041,-0.072474085,-0.052269094,0.114943273,-0.067446433,0.217219785,-0.040782034,-0.231282592,-0.030264966,-0.03603664,0.100117967,-0.130321249,-0.094798133,-0.159610376,-0.070340976,0.075358838,0.135408655,-0.043918841,0.018453762,-0.141435325,-0.269419312,-0.032926448,-0.050611328,0.050216265,-0.13729395,-0.017541632,0.008748654,-0.143756479,-0.023464669,0.057459198,0.078064568,-0.11324539,-0.045756426,0.154897332,0.074149042,-0.118731603,0.056534816,0.071116254,0.315953791,0.24242945,0.012725487,0.002124801,-0.040174261,0.07155931,-0.211085647,0.055649426,0.163149685,0.226643831,0.178178668,0.122154772,-0.19855608,0.039990067,0.098371074,-0.205470726,0.113464579,0.083227836,-0.163770601,0.018189818,-0.023242898,0.18698445,0.068061411,-0.11271213,-0.170392781,0.12569873,-0.143202245,-0.026393786,0.147995591,-0.088078603,-0.109000348,-0.190212965,0.010050379,0.393272698,0.174353749,-0.275684744,-0.102519296,-0.041898802,-0.044239439,0.084159233,0.043524757,-0.055623055,-0.087844506,-0.080499083,0.039628807,0.194511682,-0.019581825,-0.061728537,0.212487802,0.057583414,-0.053303093,0.050251245,-0.034624986,-0.114005648,-0.006996907,-0.064329341,0.005869567,-0.135261625,-0.189832136,-0.032299891,0.056004483,-0.119153336,0.222904757,0.036441408,-0.019958884,-0.086879008,0.012910563,-0.128341272,0.013510793,0.233191252,-0.304095656,0.208416298,0.155936718,0.046851724,0.117148504,0.025803316,0.124800749,0.002089683,-0.030577451,-0.070206404,-0.119282365,-0.040733024,-0.075100899,0.095141977,0.010106854
3,-0.200485021,0.08213219,0.163440049,-0.019536518,-0.107511297,-0.010753974,-0.059355423,-0.065482318,0.082370073,-0.123827264,0.229656547,0.003826164,-0.173680514,-0.046807095,0.034688063,0.154017031,-0.027056403,-0.115240872,-0.097384565,-0.11222595,-0.009029061,0.057540428,-0.007539965,0.056492575,-0.142562002,-0.380502999,-0.022603814,-0.041728865,0.10781271,-0.072595373,-0.064929314,-0.040274158,-0.193030998,-0.030650068,0.027474627,0.120315738,-0.010046989,-0.032221682,0.165384442,-0.021273002,-0.160594702,0.037287146,0.065758266,0.284505874,0.115383983,0.087431349,0.091542251,-0.052756771,0.19194676,-0.275979429,0.097689733,0.036349662,0.071558103,0.026915397,0.069061138,-0.156264633,0.03058818,0.113856673,-0.230944932,0.146879032,0.050071001,-0.0498381,-0.064718574,-0.027648367,0.278138608,0.112052307,-0.122004896,-0.137990683,0.097022645,-0.159927696,0.008135233,0.039695635,-0.07493677,-0.114647947,-0.330757678,0.107825533,0.437302291,0.153623357,-0.162125707,0.070664786,-0.04999388,0.00533599,0.070683219,0.051500708,-0.111851476,0.008910375,-0.078544207,0.069715574,0.244372204,0.046811968,0.000949696,0.227841958,0.055511095,0.065187261,-0.007765949,0.076824844,-0.192061782,-0.074523814,-0.063857809,-0.034191407,0.069573909,-0.014055818,0.107084975,0.102492154,-0.277861297,0.25281474,-0.072549418,0.033702575,0.06241706,0.106054425,-0.102741741,-0.049924508,0.069478989,-0.234263897,0.175941288,0.186561465,0.094361782,0.14553678,0.117950536,-0.017063066,0.055453897,0.081513792,-0.105486244,-0.088934734,0.058647975,-0.126229882,0.1076722,0.097201794
0,-0.06877692,0.128955051,0.035961669,-0.07191354,-0.181356072,-0.042620748,-0.041360345,-0.137559652,0.182749853,-0.123396456,0.126043022,0.040156495,-0.306506038,0.133274704,-0.068505347,0.088503391,-0.208804488,-0.183609247,-0.094620809,-0.064063698,0.067043811,0.027656149,0.020582139,0.129246622,-0.113530926,-0.275357276,-0.049911112,-0.037888382,0.00952464,-0.080417454,0.102810413,0.093287572,-0.245789379,0.016472746,0.001953915,-0.014753036,-0.01773053,-0.114381731,0.249547645,0.026415583,-0.219214767,0.010646373,-0.015639715,0.276047558,0.116625935,0.0238401,0.049134236,-0.116498679,0.164452046,-0.318954676,0.011897426,0.242909804,-0.033548161,0.044190489,-0.017328896,-0.245457932,0.09744525,0.083249845,-0.17711392,0.102147281,0.104057111,-0.138256311,0.015154041,-0.064726643,0.285799056,0.011270888,-0.151121438,-0.084301621,0.135678068,-0.147681952,-0.018462252,0.135891169,-0.129515752,-0.192285508,-0.212892711,0.043764219,0.465559125,0.132125407,-0.143163383,0.035921112,-0.169730783,0.001749061,-0.007610083,0.127125829,-0.091148943,-0.005741343,-0.144738749,0.082394883,0.298935711,0.018658064,-0.048936814,0.373201251,0.088562906,-0.039956555,0.045718707,0.10592071,-0.156505615,-0.123166807,-0.121065803,-0.010236911,0.033161834,-0.067863911,-0.086112991,0.13125053,-0.203712121,0.179331243,-0.076732419,-0.042676218,-0.068200819,-0.047204074,-0.1156139,-0.077831179,0.148642391,-0.250444829,0.184286028,0.150488928,0.123835921,0.157574043,0.002238821,0.051416188,-0.048076242,-0.057840489,-0.108693615,-0.126892924,0.120956294,-0.028290838,0.053702772,-0.006045926
0,-0.090223104,0.136476606,0.047664061,-0.078034371,-0.228034288,-0.039544955,-0.040796969,-0.129573122,0.199136615,-0.093029685,0.053302646,-0.028151944,-0.238584518,0.068656966,-0.087641336,0.120650619,-0.260471731,-0.192876577,-0.00490446,-0.071522981,0.062028721,0.035629224,0.102141351,0.159739316,-0.107523277,-0.331018031,-0.037292302,-0.103484675,0.025477849,-0.067493573,0.0845441,0.131530136,-0.242615774,0.01796715,0.002239168,0.025114238,-0.026741281,-0.087951839,0.257745028,0.021804087,-0.22115922,-0.014119387,-0.015836224,0.310789824,0.165977687,0.033697709,0.049187258,-0.071965963,0.130558431,-0.309439659,0.009304851,0.256386966,-0.020851456,-0.056145202,0.030760236,-0.202775434,0.084754355,0.069541246,-0.16493997,0.133382231,0.103652693,-0.17467162,0.033406761,-0.060168587,0.301656783,0.019255407,-0.102281444,-0.079998359,0.159851342,-0.158526018,-0.021571655,0.126304686,-0.121402547,-0.167844296,-0.225255847,-0.04886736,0.499822617,0.128695995,-0.136216417,0.056429207,-0.157746792,0.017696358,0.024751022,0.207648292,-0.085350536,-0.039454147,-0.165800855,0.067131028,0.217997909,-0.029059969,-0.047828279,0.323686928,0.067791834,-0.034823634,0.001135655,0.017935596,-0.145173073,-0.043840654,-0.0750411,-0.012630485,0.007888556,-0.073179379,-0.066167891,0.139075533,-0.238373965,0.104107641,-0.088706493,-0.063600287,-0.066905744,-0.049810719,-0.082320563,-0.060747638,0.155229002,-0.286839962,0.155773833,0.190990895,0.027398668,0.194409192,-0.031196956,0.080894023,-0.016676284,-0.063150637,-0.106967516,-0.084552914,0.075989544,-0.054588065,0.033946157,0.024705742
3,-0.166342914,0.129870743,0.0546766,-0.086101837,-0.11602731,0.005422086,-0.014992628,-0.12016321,0.120839246,-0.077616356,0.26660651,0.026303388,-0.241590351,-0.074633032,-0.001346596,0.130372673,-0.069675133,-0.120239072,-0.076103657,-0.048944075,0.049231976,0.037830427,-0.010080233,0.096845403,-0.106264457,-0.359362811,-0.086009964,-0.045251444,0.104401648,-0.056098118,-0.07972075,-0.007858135,-0.136008829,-0.034457117,0.055741638,0.081139386,-0.026522141,-0.058821887,0.212122932,0.010215893,-0.160835311,0.014216416,0.116662882,0.29359439,0.164391339,0.055566527,0.095051795,-0.082265541,0.130334467,-0.209514439,0.125559807,0.069677584,0.231078714,0.05309128,0.028017085,-0.205048114,0.013576467,0.111579396,-0.240239143,0.077212781,0.062294498,-0.098444477,-0.055893369,-0.019987892,0.282900035,0.118987411,-0.137909099,-0.115560263,0.135188743,-0.175022513,-0.007944606,0.028147459,-0.128984615,-0.119111508,-0.286785781,0.090610601,0.428447723,0.197848633,-0.140135452,0.035745956,-0.114185445,-0.000765722,0.014740016,0.029230904,-0.185585931,-0.029541075,-0.086457729,0.06577298,0.221423954,0.011411637,0.017759517,0.257833451,0.089221328,0.068906657,0.005245388,0.028756261,-0.117484458,-0.0509253,-0.018538617,-0.004796609,-0.016796187,-0.107036814,0.14445138,0.122023582,-0.325126827,0.162966356,-0.014187736,0.016330905,0.07034485,0.079835773,-0.089310005,-0.112762436,0.08734601,-0.267106444,0.138080314,0.180469275,0.121719569,0.154865175,0.094710313,0.044678509,0.048004262,-0.019938357,-0.094494447,-0.012533978,0.095862344,-0.098957911,0.12002524,0.092268407
1,-0.046921015,0.177239105,0.102949217,-0.063804358,-0.108658284,0.050337613,-0.07080283,-0.0370083,0.08981625,-0.064974338,0.194538921,-0.070048839,-0.245538309,-0.074856944,-0.030619003,0.128194198,-0.173866838,-0.112715736,-0.171849221,-0.090692505,0.060676217,0.170910954,-0.043687895,0.042965114,-0.116785198,-0.32204628,-0.030384954,-0.034422729,0.074770182,-0.128375486,-0.018339038,-0.011869948,-0.160622448,-0.052670814,0.067742012,0.08240328,-0.065494947,-0.06591028,0.160809621,0.024044164,-0.164433628,0.115108564,0.078153163,0.3289738,0.190745264,0.048920326,-0.014572792,-0.035022177,0.108859167,-0.19823353,0.057478655,0.199176461,0.19334349,0.101281665,0.070327178,-0.196975142,0.00967991,0.156763166,-0.215572238,0.103902295,0.070789412,-0.176943704,0.050230369,-0.027995821,0.15518567,0.043452471,-0.114566728,-0.185172915,0.09701556,-0.160059363,-0.008221366,0.101887763,-0.088457972,-0.08648511,-0.249668688,-0.004265092,0.412022501,0.090538748,-0.248718247,-0.054285966,-0.063233525,-0.017509419,0.083949633,0.056154642,-0.080519259,-0.08814545,-0.109842777,0.05052948,0.210848182,-0.002927609,-0.048460614,0.210161924,0.073740952,-0.048838988,0.058698401,-0.020600215,-0.122327343,-0.023022152,-0.031603198,0.055628084,-0.09204945,-0.199820891,-0.023462147,0.040187992,-0.162326813,0.21495086,0.053031448,-7.45E-05,-0.048904419,0.028636631,-0.134397596,0.000669077,0.234001189,-0.306657612,0.242161095,0.187201038,0.059451539,0.16261597,0.048080593,0.103609994,-0.022945531,-0.030286655,-0.082073428,-0.13867639,-0.003754482,-0.078540012,0.141134039,0.042164553
2,-0.142977759,0.135660976,0.080463685,-0.027414225,-0.203539938,-0.007559076,-0.008306041,-0.134526432,0.163385391,-0.064016879,0.139936417,-0.004453816,-0.255111277,0.063383803,-0.022888251,0.185527906,-0.128478169,-0.227315605,-0.167106837,-0.071220197,-0.027844086,0.108182773,0.023993662,0.055494323,-0.148033753,-0.275485516,-0.048992604,-0.068884254,0.109431952,-0.034043662,-0.070582822,0.075367369,-0.141476125,-0.044193074,0.129582688,0.081922978,-0.092923388,-0.08912456,0.182582349,-0.042501543,-0.279203951,-0.036881536,0.116204351,0.279710531,0.321466446,0.000493385,0.043733548,-0.100119978,-0.006332651,-0.330271721,0.009098765,0.123985738,0.046242662,0.065321483,0.103732757,-0.18683964,-0.009315513,0.140332326,-0.175525442,0.016985163,0.119270831,-0.151593536,-0.0606509,-0.049662709,0.225110739,0.077210605,-0.107851453,-0.152187198,0.192354485,-0.240134001,-0.049400996,0.13741076,-0.043651655,-0.146111235,-0.239975885,-0.076372504,0.478877783,0.149340674,-0.124405965,0.08108376,-0.052679405,0.033845413,0.047441173,-0.007571604,-0.114618659,-0.07253325,-0.127141535,0.025094343,0.274261385,-0.041254677,0.059110973,0.210813999,0.060917556,-0.127856135,0.086804241,0.132983476,-0.0456779,-0.055699199,-0.123394653,-0.052309364,0.027214184,-0.106707945,0.056388173,0.104005501,-0.229047135,0.131065562,-0.030633055,-0.010458581,0.011489801,-0.069113828,-0.046389893,-0.012753204,0.208199218,-0.303523928,0.130266219,0.193394825,-0.059050344,0.125410542,0.01238136,0.055808187,-0.025536321,-0.054822735,-0.121971816,-0.110176966,0.045599058,-0.092496097,0.051259048,0.078202531
1,-0.080911949,0.202902913,0.079356521,-0.079899773,-0.148806661,0.079819277,-0.085176773,0.023491047,0.094811253,-0.008028463,0.176778048,-0.009574108,-0.231484413,-0.094299011,0.043962806,0.112113498,-0.104778677,-0.09691827,-0.12751855,-0.051981967,0.082096264,0.157052636,0.01190323,0.000705503,-0.184097975,-0.386466444,-0.046033934,-0.071858332,-0.003822573,-0.134084612,0.033876494,0.027610436,-0.142901942,-0.059849907,0.0490757,0.116354629,-0.092609145,-0.049935028,0.106146052,0.074658081,-0.168897137,-0.010266706,0.103586338,0.323485047,0.210733205,0.067848496,0.054925907,0.008503124,0.10042347,-0.215937078,0.089222789,0.108714402,0.190198496,0.1522948,0.113687351,-0.179047078,0.11514651,0.141793728,-0.283928156,0.097540215,0.02834636,-0.137470573,0.005631056,-0.004297081,0.211934477,0.070297956,-0.077441111,-0.166131124,0.10404861,-0.158892557,-0.052249063,0.158137336,-0.108849481,-0.146889925,-0.303078532,-0.011304419,0.350133777,0.163574308,-0.243540913,-0.097753145,-0.001271144,-0.019729253,0.043767862,0.070942357,-0.09141846,-0.036495145,-0.118573532,0.00854497,0.224064872,-0.006148152,-0.063776262,0.265953481,0.108555749,-0.029131055,0.075392172,0.014376596,-0.095193565,-0.03267616,-0.044522509,-0.025053449,-0.047374159,-0.231580734,-0.054750156,0.053379916,-0.222825915,0.252299398,0.024106584,0.014914826,-0.086605743,-0.02547637,-0.107010841,-0.002080902,0.23860018,-0.284457624,0.161520422,0.238141611,0.040258244,0.180677742,0.039926685,0.097161114,-0.044201128,-0.061835118,-0.092716157,-0.097492248,-0.007363468,-0.095114753,0.069782831,0.069405988
0,-0.065338373,0.096287951,0.045249496,-0.05035264,-0.200689644,-0.052865699,-0.028860506,-0.111171938,0.202214956,-0.103094362,0.080547608,0.045088381,-0.284199864,0.12146914,-0.091886632,0.100065283,-0.226765782,-0.202209949,-0.060902562,-0.027545966,0.072122574,0.072354369,0.056991056,0.105297819,-0.074637868,-0.341805965,-0.066310398,-0.074527219,0.040284492,-0.036605649,0.042645514,0.06529516,-0.216347396,-0.009539701,0.034328483,-0.011829346,-0.035377007,-0.116942018,0.257509023,0.00652379,-0.250103205,-0.017856486,-0.008191407,0.25944525,0.192018941,0.015894748,0.036730215,-0.137036517,0.125711337,-0.325401098,0.010322258,0.230202913,-0.013016351,0.013424873,0.014220409,-0.203335375,0.076276526,0.115854561,-0.161817089,0.04985458,0.079370953,-0.134874791,0.065265782,-0.027584638,0.30179894,-0.005531169,-0.109694436,-0.075788103,0.162574917,-0.191161633,-0.023964316,0.075377464,-0.107259542,-0.168746933,-0.210998863,-0.019941978,0.519502699,0.11953447,-0.13480857,0.097151853,-0.184421301,0.00514422,0.048730619,0.122200616,-0.11222019,-0.026395664,-0.171146601,0.048189405,0.283982337,-0.01606255,-0.015012987,0.308174044,0.074867137,0.007468566,0.103149213,0.058190029,-0.131121159,-0.07510227,-0.135255784,-0.007352203,-0.0070448,-0.052125171,-0.04269233,0.157368988,-0.194441259,0.106589139,-0.067881867,-0.060856976,-0.019609138,-0.065582238,-0.081721552,-0.112836912,0.142855659,-0.2373707,0.157179147,0.132598475,0.052606642,0.198791623,-0.012516454,0.060414024,-0.062077433,-0.06452097,-0.154333383,-0.049891174,0.126603484,-0.023458049,0.057979465,0.006363526
1,-0.009600565,0.267416,0.072749831,-0.089284189,-0.115080982,0.118741482,-0.089250311,-0.052122265,0.125967383,-0.085643128,0.192447856,-0.054209806,-0.264737517,-0.058994897,0.009958804,0.122053131,-0.119001389,-0.110445224,-0.170924678,-0.063754737,0.09998776,0.131978437,-0.0624284,0.00819286,-0.162804157,-0.316670477,-0.025870346,-0.056644883,0.026825011,-0.110235251,-0.034533605,-0.021050554,-0.138460368,-0.042805023,0.081066832,0.076702282,-0.096074171,-0.058428325,0.145566985,0.026208878,-0.15078482,0.052044533,0.107809626,0.279289305,0.160812467,0.004488021,0.045297042,-0.047683351,0.090390503,-0.201520041,0.06468194,0.166812584,0.262886465,0.151522636,0.160083041,-0.22429736,0.048724227,0.113920256,-0.193795711,0.099307351,0.079754263,-0.137249529,-0.019020882,-0.027877621,0.19276078,0.049347848,-0.112053961,-0.178918332,0.103711441,-0.088787585,-0.00560822,0.140934318,-0.109499574,-0.122731693,-0.231339276,0.018383849,0.391694188,0.149738625,-0.285147011,-0.108876079,-0.045032822,-0.031526811,0.044914991,0.029258475,-0.087400161,-0.083203621,-0.083758667,0.096610188,0.208778277,-0.063201241,-0.018431701,0.212818533,0.07972689,-0.051963151,-0.006997623,-0.018499769,-0.134761423,-0.023018979,-0.028968904,0.028244533,-0.032992691,-0.20066081,-0.041592859,0.088243023,-0.21425052,0.173470736,0.026106834,-0.052567244,-0.067095935,0.009145185,-0.142606705,0.005648978,0.238991305,-0.290284038,0.182364091,0.189833701,0.028261086,0.110781923,0.033629384,0.079019681,0.026374619,-0.055977404,-0.106975883,-0.142944038,0.001176268,-0.083899431,0.041176628,0.001999144
3,-0.14135468,0.086011335,0.144370526,-0.036675036,-0.087629944,0.027212426,-0.072724,-0.052557401,0.105343968,-0.108634777,0.212272152,-0.003310539,-0.244401753,-0.032714613,-0.025690913,0.121727593,-0.075847596,-0.084822081,-0.015501805,-0.04990074,0.047404289,0.043899946,-0.053802334,0.06653402,-0.138477445,-0.337106049,-0.052568056,-0.02090846,-0.030244611,-0.072144195,-0.021509141,0.014408059,-0.16844739,-0.002391785,0.027913883,0.116678804,0.00205522,-0.00501968,0.106526121,-0.021093745,-0.146967828,0.082226858,0.050462302,0.252055764,0.103717968,0.095347404,0.044713452,-0.101440571,0.166935399,-0.274292111,0.11362467,0.064920664,0.130515039,0.027966823,0.034167074,-0.211688861,-0.007864486,0.10724666,-0.191435039,0.132555991,0.019420791,-0.103782289,-0.015389357,-0.028368875,0.207810149,0.12396273,-0.148242339,-0.14455539,0.11326988,-0.149812117,-0.027996495,0.039575651,-0.062352706,-0.151102304,-0.325890779,0.137591541,0.443182051,0.145644188,-0.215207219,0.029001348,-0.072326489,0.028889425,0.040852971,0.081840426,-0.102199301,-0.043807313,-0.088116139,0.033641513,0.229253426,0.022851765,-0.041803796,0.216498658,0.050226912,0.096060768,0.008617841,0.046801262,-0.147937715,-0.030048538,-0.096753173,-0.007091276,-0.009552047,-0.053841323,0.041346058,0.11184153,-0.249512345,0.226976633,-0.02865028,-0.033967137,0.039348856,0.115985021,-0.135228336,-0.031810008,0.101726525,-0.292108148,0.202609673,0.149045199,0.134883761,0.201287717,0.120392323,0.051986076,0.063410036,0.01043725,-0.090371504,-0.097428977,0.084779799,-0.074142158,0.097670689,0.065294228
3,-0.132283747,0.100633018,0.086287715,-0.038193293,-0.108983532,-0.004767656,-0.040728763,-0.045431145,0.113328025,-0.106987461,0.236161247,-0.040695563,-0.190777659,0.003420822,0.022928506,0.175503373,-0.033632107,-0.108140156,-0.100221172,-0.091395646,-0.016742617,0.033945613,-0.045905985,0.0850951,-0.098622277,-0.371449351,-0.036114071,-0.04374966,0.10672278,-0.052032009,-0.114211321,-0.045750834,-0.144385234,-0.039784353,0.094558947,0.094523132,-0.02233839,-0.039165638,0.198407054,-0.008799888,-0.194541126,0.037768915,0.093546346,0.282836139,0.114283681,0.08446984,0.066053867,-0.057573196,0.143904254,-0.201394737,0.108937941,0.069167987,0.145423949,0.056772783,0.014271282,-0.188553989,-0.009020519,0.147405162,-0.263198048,0.117841087,0.069644287,-0.057296809,-0.085944101,-0.060306057,0.277388006,0.138889939,-0.171788722,-0.178457737,0.094907798,-0.210589051,0.026558377,0.012157086,-0.089214541,-0.153971583,-0.286402524,0.111856572,0.368986309,0.175441831,-0.171362251,0.029137351,-0.01480671,-0.009805743,0.045161635,0.08255057,-0.121499352,0.021929733,-0.025722533,0.011596505,0.212105677,0.023586988,0.014206056,0.229393393,0.004906684,0.038588375,-0.024852574,0.079374664,-0.174669668,-0.067198731,-0.047063515,-0.022425599,0.0157976,-0.098078385,0.106141925,0.103827335,-0.313154578,0.209298402,-0.085542075,0.03579469,0.056938559,0.138863236,-0.088114627,-0.115063876,0.124696895,-0.238721833,0.168101951,0.214121372,0.115423925,0.140047729,0.11601533,0.021034949,0.086588308,0.058541134,-0.132029682,-0.064568341,0.038106173,-0.127111018,0.09861955,0.079005808
2,-0.123352244,0.101166695,0.100906983,-0.10755308,-0.161906421,-0.012535229,-0.092768781,-0.109873101,0.164978832,-0.13691926,0.132592037,-0.029210038,-0.268860817,0.071958005,-0.098529465,0.218345404,-0.251471639,-0.22404781,-0.09949407,-0.054358825,0.105295122,0.133782566,0.035156369,0.081976041,-0.173907429,-0.258039385,-0.053998932,-0.113118768,0.084688246,-0.010068759,-0.053808637,-0.014913129,-0.180164814,0.017565541,0.085378528,0.153830707,-0.037572555,-0.112188309,0.223794624,-0.002096307,-0.273464113,0.028106585,0.061198734,0.246322915,0.224060237,0.070897982,0.039571047,-0.088031724,0.072460413,-0.338753283,0.051781408,0.168515474,0.061761439,0.076729074,0.040597007,-0.223846227,0.096363857,0.108710915,-0.230558038,0.015496086,0.132512867,-0.193251878,0.012048665,0.011982419,0.2475954,0.023323432,-0.103696391,-0.167883202,0.200722694,-0.253688097,-0.05091884,0.12459933,-0.064228706,-0.116010383,-0.252176702,-0.077234805,0.453526318,0.161529735,-0.147433385,0.14830336,-0.051188223,0.03588875,0.06123209,0.097681813,-0.040615141,0.058323398,-0.185311392,0.004987422,0.236823916,-0.10456565,0.080104671,0.306414068,0.134803951,-0.05860655,0.12216755,0.06480293,-0.081020989,-0.086598583,-0.074156515,-0.010394663,0.001137242,-0.028163545,-0.001783293,0.052080087,-0.195518702,0.144271404,-0.100946322,-0.083563283,-0.077507704,-0.06383884,-0.051477611,-0.10207057,0.195927113,-0.289415956,0.072352462,0.232949317,-0.009600414,0.185692713,0.042870332,0.112625688,-0.030826911,-0.027279273,-0.179512084,-0.134772062,0.052934155,-0.065424792,0.083740599,0.096559837
